dataset,representation,accuracy,precision,recall,f1
uni_isolated_raw,raw,0.9966666666666667,1.0,0.9777777777777777,0.9887640449438202
